{
    "Lab Section": 11 
    "Last Modified": <2018-09->, 
    "OU ID": 113232972
    "OU EMAIL": string - Triston.a.luzanta-1@ou.edu
    "Tasks": [
        {
            "Description": "Zoo test Constructor ",
            "Estimated Time (Minutes)": 15,
            "Actual Time (Minutes)": 20, 
        },
        {
            "Description": "Test addAnimalTest",
            "Estimated Time (Minutes)": 10,
            "Actual Time (Minutes)": 15,
        },
        {
            "Description": "Test getTotalWeight",
            "Estimated Time (Minutes)": 1,
            "Actual Time (Minutes)": 1,
        },
        
        {
            "Description": "Test getAverageAge",
            "Estimated Time (Minutes)": 15,
            "Actual Time (Minutes)": 30, 
        },
        	
        {
            "Description": "Test getTotalAgeWithName",
            "Estimated Time (Minutes)": 25,
            "Actual Time (Minutes)": 20, 
        },
        {
    		"Description": "Test numberAnimalOfSpecies",
            "Estimated Time (Minutes)": 15,
            "Actual Time (Minutes)":  20, 
        },
        {
        	"Description": "Test zooToString",
            "Estimated Time (Minutes)": 25,
            "Actual Time (Minutes)": 60,
        },
        {
        	"Description": "Player test constructor",
            "Estimated Time (Minutes)": 20,
            "Actual Time (Minutes)": 35,
        },
        {
			"Description": "Player test toString",
            "Estimated Time (Minutes)": 20,
            "Actual Time (Minutes)": 25,
        },
         {
			"Description": "Team test lightestPlayer",
            "Estimated Time (Minutes)": 30,
            "Actual Time (Minutes)": 35,
        },
         {
			"Description": "Team test anyPlayersFromCityName",
            "Estimated Time (Minutes)": 35,
            "Actual Time (Minutes)": 45,
        },
         {
			"Description": "Team test writePlayers",
            "Estimated Time (Minutes)": 35,
            "Actual Time (Minutes)": 50,
        },
         {
			"Description": "Team test writePlayersWithState",
            "Estimated Time (Minutes)": 35,
            "Actual Time (Minutes)": 50,
        },
         {
			"Description": "Team test writeStatistics",
            "Estimated Time (Minutes)": 35,
            "Actual Time (Minutes)": 40,
        },
         
		
        
			