{
    "Lab Section": 11, 
    "Last Modified": "2018-11-30", 
    "OU ID": 113232972,
    "OU EMAIL": "Triston.a.luzanta-1@ou.edu",
    "Tasks": [
        {
            "Description": "add.addActionListener ",
            "Estimated Time (Minutes)": 15,
            "Actual Time (Minutes)": 15 
        },
     
        {
            "Description": "multiply.addActionListener",
            "Estimated Time (Minutes)": 10,
            "Actual Time (Minutes)": 10
        },
        
  		{
            "Description": "divide.addActionListener",
            "Estimated Time (Minutes)": 15,
            "Actual Time (Minutes)": 20 
        },
       {
            "Description": "equality.addActionListener",
            "Estimated Time (Minutes)": 15,
            "Actual Time (Minutes)": 15
        },
        	
    	
     
     ]
 }
 
 
        
			