{
    "Lab Section": 11 
    "Last Modified": <2018-09-12>, 
    "OU ID": 113232972
    "OU EMAIL": string - Triston.a.luzanta-1@ou.edu
    "Tasks": [
        {
            "Description": "Map Constructor ",
            "Estimated Time (Minutes)": 15,
            "Actual Time (Minutes)": , 
        },
     
        {
            "Description": "Map Getters",
            "Estimated Time (Minutes)": 1,
            "Actual Time (Minutes)": 1,
        },
        
  		{
            "Description": "Map createFileName",
            "Estimated Time (Minutes)": 15,
            "Actual Time (Minutes)": 120, 
        },
        	
        {
            "Description": "Map parseFile",
            "Estimated Time (Minutes)": 15,
            "Actual Time (Minutes)": 150, 
        },
        	
    	{   
    		"Description": "Map getSradAverage",
            "Estimated Time (Minutes)": 50,
            "Actual Time (Minutes)":  40, 
        },
        
        	"Description": "Map getSradMax",
            "Estimated Time (Minutes)": 25,
            "Actual Time (Minutes)": 20,
        },
        {
        	"Description": "Map getSradMin",
            "Estimated Time (Minutes)": 20,
            "Actual Time (Minutes)": 20 ,
        },
			"Description": "Map getSradTotal",
            "Estimated Time (Minutes)": 35,
            "Actual Time (Minutes)": 15,
        },
        {
            "Description": "Map getTa9mAverage",
            "Estimated Time (Minutes)": 15,
            "Actual Time (Minutes)":15 , 
        },
        	
        {
            "Description": "Map getTa9mMax",
            "Estimated Time (Minutes)": 15,
            "Actual Time (Minutes)": 20, 
        },
        {	
    		"Description": "Map getTa9mMin",
            "Estimated Time (Minutes)": 50,
            "Actual Time (Minutes)":  20, 
        },
        
        	"Description": "Map getTairAverage",
            "Estimated Time (Minutes)": 25,
            "Actual Time (Minutes)": 15,
        },
        {
        	"Description": "Map getTairMax",
            "Estimated Time (Minutes)": 20,
            "Actual Time (Minutes)": 15,
        },
		{
			"Description": "Map getTairMin",
            "Estimated Time (Minutes)": 30,
            "Actual Time (Minutes)": 15,
        },
        {
			"Description": "Observation constructor",
            "Estimated Time (Minutes)": 25,
            "Actual Time (Minutes)": 5,
        },
        {
			"Description": "Observation getValue",
            "Estimated Time (Minutes)": 35,
            "Actual Time (Minutes)": 5,
        },
        {
			"Description": "Observation isValid",
            "Estimated Time (Minutes)": 15,
            "Actual Time (Minutes)": 15,
        },
        {
			"Description": "Observation getStid",
            "Estimated Time (Minutes)": 20,
            "Actual Time (Minutes)": 5,
        },
        {
			"Description": "Observation toString",
            "Estimated Time (Minutes)": 30,
            "Actual Time (Minutes)": 35,
        },
         {
			"Description": "MapData calculateAirTemperatureStatistics",
            "Estimated Time (Minutes)": 30,
            "Actual Time (Minutes)": ,
        },
         {
			"Description": "MapData calculateTa9mTemperatureStatistics",
            "Estimated Time (Minutes)": 30,
            "Actual Time (Minutes)": ,
        },
         {
			"Description": "MapData calculateSolarRadiationStatistics",
            "Estimated Time (Minutes)": 30,
            "Actual Time (Minutes)": ,
        },
        
			