{
    "Lab Section": 11 
    "Last Modified": <2018-09-08>, 
    "OU ID": 113232972
    "OU EMAIL": string - Triston.a.luzanta-1@ou.edu
    "Tasks": [
        {
            "Description": "Player Constructor ",
            "Estimated Time (Minutes)": 15,
            "Actual Time (Minutes)": 20, 
        },
        {
            "Description": "Player toSting",
            "Estimated Time (Minutes)": 10,
            "Actual Time (Minutes)": 15,
        },
        {
            "Description": "Player Getters",
            "Estimated Time (Minutes)": 1,
            "Actual Time (Minutes)": 1,
        },
        
        	{
            "Description": "Team read",
            "Estimated Time (Minutes)": 15,
            "Actual Time (Minutes)": 30, 
        },
        	
        	{
            "Description": "Team writePlayers",
            "Estimated Time (Minutes)": 25,
            "Actual Time (Minutes)": 60, 
        },
        	
    		"Description": "Team writeStatistics",
            "Estimated Time (Minutes)": 50,
            "Actual Time (Minutes)":  60, 
        },
        
        	"Description": "Team playersFromState",
            "Estimated Time (Minutes)": 25,
            "Actual Time (Minutes)": 60,
        },
        
        	"Description": "Team anyPlayersFromCityName",
            "Estimated Time (Minutes)": 20,
            "Actual Time (Minutes)": 45,
        },
			"Description": "Team lightestPlayer",
            "Estimated Time (Minutes)": 35,
            "Actual Time (Minutes)": 50,
        },
        
			