{
    "Lab Section": 11 
    "Last Modified": <2018-08-31>, 
    "OU ID": 113232972
    "OU EMAIL": string - Triston.a.luzanta-1@ou.edu
    "Tasks": [
        {
            "Description": "Create Animal Constructor",
            "Estimated Time (Minutes)": 5,
            "Actual Time (Minutes)": 10, 
        },
        {
            "Description": "Create Animal Getters",
            "Estimated Time (Minutes)": 10,
            "Actual Time (Minutes)": 15,
        },
        {
            "Description": "Create Animal toString",
            "Estimated Time (Minutes)": 15,
            "Actual Time (Minutes)": 30,
        },
        
        	{
            "Description": "Create Zoo Constructor",
            "Estimated Time (Minutes)": 5,
            "Actual Time (Minutes)": 10, 
        },
        	
        	{
            "Description": "Create Zoo expandArray",
            "Estimated Time (Minutes)": 45,
            "Actual Time (Minutes)": 100, 
        },
        	
    		"Description": "Create Zoo addAnimal",
            "Estimated Time (Minutes)": 40,
            "Actual Time (Minutes)": 85, 
        },
        
        	"Description": "Create Zoo getAverageAge",
            "Estimated Time (Minutes)": 35,
            "Actual Time (Minutes)": 60,
        },
        
        	"Description": "Create Zoo getSize",
            "Estimated Time (Minutes)": 5,
            "Actual Time (Minutes)": 4,
        },
			"Description": "Create Zoo totalAgeWithName",
            "Estimated Time (Minutes)": 45
            "Actual Time (Minutes)": 110
        },
        
			"Description": "Create Zoo numberAnimalOfSpecies",
            "Estimated Time (Minutes)": 50
            "Actual Time (Minutes)": 100
        },
        	
        	"Description": "Create Zoo toString",
            "Estimated Time (Minutes)": 45
            "Actual Time (Minutes)": 110
        },